city_id,city_name,is_region_required,delivery_price_lyd,city_darb_branch,region_id,region_name,region_code,region_darb_branch
36,أجخرة,0,45.00,,,,,
44,أجدابيا,0,30.00,"اجدابيا، اجدابيا",,,,
22,أوباري,0,45.00,"اوباري، سبها",,,,
75,أوجلة,0,45.00,"جالو اوجلة، جالو اوجلة",,,,
1,"إستلام مكتب",0,0.00,,1,"إستلام مكتب",s6,
91,"ابو قرين",0,30.00,"أبوقرين، سرت",,,,
64,الأصابعة,0,30.00,"الأصابعة، غريان",,,,
81,الابيار,0,30.00,"الأبيار، المرج",,,,
47,البريقة,0,30.00,"البريقة، البريقة",,,,
13,البيضاء,0,35.00,"البيضاء، البيضاء",,,,
67,"الجبل الغربي",0,35.00,,,,,
57,الجفرة,0,40.00,"الجفرة، الجفرة",,,,
27,الجميل,0,35.00,"الجميل، زوارة",,,,
65,الجوش,0,35.00,,,,,
9,الخمس,0,20.00,"الخمس، الخمس",,,,
32,الرجبان,0,35.00,"الرجبان، غريان",,,,
87,الرجمة,0,30.00,"الرجمه، بنغازي",,,,
63,الرحيبات,0,35.00,"الرحيبات، غريان",,,,
70,الرياينة,0,35.00,"الرياينة، غريان",,,,
10,الزاوية,1,20.00,"الزاوية، الزاوية",190,اسبان,,
10,الزاوية,1,20.00,"الزاوية، الزاوية",191,الركنية,,
10,الزاوية,1,20.00,"الزاوية، الزاوية",192,الشرفاء,,
10,الزاوية,1,20.00,"الزاوية، الزاوية",193,الفاسي,,
10,الزاوية,1,20.00,"الزاوية، الزاوية",194,القرضابية,,
10,الزاوية,1,20.00,"الزاوية، الزاوية",196,الميدان,,
10,الزاوية,1,20.00,"الزاوية، الزاوية",197,"بن يوسف",,
10,الزاوية,1,20.00,"الزاوية، الزاوية",198,"شارع الجملة",,
10,الزاوية,1,20.00,"الزاوية، الزاوية",199,"شارع الخرطوم",,
10,الزاوية,1,20.00,"الزاوية، الزاوية",200,"شارع جمال",,
10,الزاوية,1,20.00,"الزاوية، الزاوية",201,"شارع عمر",,
10,الزاوية,1,20.00,"الزاوية، الزاوية",202,"طريق الصقري",,
10,الزاوية,1,20.00,"الزاوية، الزاوية",203,قمودة,,
10,الزاوية,1,20.00,"الزاوية، الزاوية",205,"ولاد جربوع",,
10,الزاوية,1,20.00,"الزاوية، الزاوية",204,"ولاد صقر",,
42,الزنتان,0,35.00,"الزنتان، غريان",,,,
85,السبيعة,0,30.00,"السبيعة، طرابلس",,,,
94,الشقيقة,0,35.00,,,,,
74,الشويرف,0,35.00,"الشويرف، سبها",,,,
29,العجيلات,0,30.00,"العجيلات، العجيلات",,,,
77,القبة,0,30.00,"القبة، القبة",,,,
79,"القره بولي",0,20.00,"القره بولي، قصر خيار",,,,
95,القطرون,0,50.00,"القطرون، سبها",,,,
30,القلعة,0,35.00,"القلعة، غريان",,,,
69,القواليش,0,35.00,"الأصابعة، غريان",,,,
37,الكفرة,0,45.00,"الكفرة، الكفرة",,,,
76,المايه,0,20.00,"الماية، الزاوية",,,,
48,المرج,0,30.00,"المرج، المرج",,,,
60,"ام الارانب",0,45.00,,,,,
59,اوباري,0,45.00,"اوباري، سبها",,,,
72,بدر,0,35.00,"بدر، غريان",,,,
41,"براك الشاطئ",0,35.00,"براك الشاطي، سبها",,,,
84,برقة,0,35.00,,,,,
51,"بن جواد",0,30.00,"بن جواد، رأس لانوف",,,,
49,"بن وليد",0,25.00,"بني وليد، بني وليد",,,,
4,بنغازي,1,25.00,"سلوق، بنغازي",84,"أرض الحراسة",s48,"ارض الحراسة، بنغازي"
4,بنغازي,1,25.00,"سلوق، بنغازي",80,"أرض الملموم",s48,"ارض لملوم، بنغازي"
4,بنغازي,1,25.00,"سلوق، بنغازي",110,"أرض قريش",s48,"ارض قريش، بنغازي"
4,بنغازي,1,25.00,"سلوق، بنغازي",78,البركة,s48,"البركة، بنغازي"
4,بنغازي,1,25.00,"سلوق، بنغازي",79,الحدائق,s48,"الحدائق، بنغازي"
4,بنغازي,1,25.00,"سلوق، بنغازي",86,الرحبة,s48,"الرحبة، بنغازي"
4,بنغازي,1,25.00,"سلوق، بنغازي",103,الزيتونة,s48,"ارض الحراسة، بنغازي"
4,بنغازي,1,25.00,"سلوق، بنغازي",111,السرتي,s48,"السرتية، بنغازي"
4,بنغازي,1,25.00,"سلوق، بنغازي",81,السلماني,s48,"السلماني، بنغازي"
4,بنغازي,1,25.00,"سلوق، بنغازي",93,الفعكات,s48,"الفعكات، بنغازي"
4,بنغازي,1,25.00,"سلوق، بنغازي",90,الفويهات,s48,"الفويهات، بنغازي"
4,بنغازي,1,25.00,"سلوق، بنغازي",70,الكيش,s48,"الكيش، بنغازي"
4,بنغازي,1,25.00,"سلوق، بنغازي",89,الليثي,s48,"الليثي، بنغازي"
4,بنغازي,1,25.00,"سلوق، بنغازي",76,الماجوري,s48,"الماجورى، بنغازي"
4,بنغازي,1,25.00,"سلوق، بنغازي",82,الوحيشي,s48,"الوحيشي، بنغازي"
4,بنغازي,1,25.00,"سلوق، بنغازي",87,بلعون,s48,"بلعون، بنغازي"
4,بنغازي,1,25.00,"سلوق، بنغازي",118,"بو صنيب",s48,"قاريونس، بنغازي"
4,بنغازي,1,25.00,"سلوق، بنغازي",88,"بو هديمة",s48,"بو هديمة، بنغازي"
4,بنغازي,1,25.00,"سلوق، بنغازي",95,"بود زيره",s48,"بوتزيرة، بنغازي"
4,بنغازي,1,25.00,"سلوق، بنغازي",69,"بوز غيبه",s48,"بوزغيبة، بنغازي"
4,بنغازي,1,25.00,"سلوق، بنغازي",106,جليانة,s48,"ارض الحراسة، بنغازي"
4,بنغازي,1,25.00,"سلوق، بنغازي",115,"حي الدولار",s48,"حي الدولار، بنغازي"
4,بنغازي,1,25.00,"سلوق، بنغازي",73,"حي السلام",s48,"حي السلام، بنغازي"
4,بنغازي,1,25.00,"سلوق، بنغازي",68,"راس اعبيد",s48,"راس عبيدة، بنغازي"
4,بنغازي,1,25.00,"سلوق، بنغازي",100,رويصات,s48,"الرويسات، بنغازي"
4,بنغازي,1,25.00,"سلوق، بنغازي",109,زمزم,s48,"حي السلام، بنغازي"
4,بنغازي,1,25.00,"سلوق، بنغازي",97,زواوه,s48,"زلطن، زوارة"
4,بنغازي,1,25.00,"سلوق، بنغازي",105,"سوق الحوت",s48,"ارض الحراسة، بنغازي"
4,بنغازي,1,25.00,"سلوق، بنغازي",91,"سوق الفحم",s48,"سوق الفحم، بنغازي"
4,بنغازي,1,25.00,"سلوق، بنغازي",77,"سيدي حسين",s48,"سيدي حسين، بنغازي"
4,بنغازي,1,25.00,"سلوق، بنغازي",117,"سيدي فرج",s48,"سيدي فرج، بنغازي"
4,بنغازي,1,25.00,"سلوق، بنغازي",83,"سيدي يونس",s48,"سيدي يونس، بنغازي"
4,بنغازي,1,25.00,"سلوق، بنغازي",102,"شارع 20",s48,"شارع عشرين، بنغازي"
4,بنغازي,1,25.00,"سلوق، بنغازي",112,"شارع البث",s48,"الفويهات، بنغازي"
4,بنغازي,1,25.00,"سلوق، بنغازي",114,"شارع خليج",s48,"الليثي، بنغازي"
4,بنغازي,1,25.00,"سلوق، بنغازي",104,"شارع دبي",s48,
4,بنغازي,1,25.00,"سلوق، بنغازي",108,"شارع سوريا",s48,"شبنة، بنغازي"
4,بنغازي,1,25.00,"سلوق، بنغازي",72,"شارع فينيسيا",s48,"فينسيا، بنغازي"
4,بنغازي,1,25.00,"سلوق، بنغازي",116,"شارع مركبات",s48,"حي السلام، بنغازي"
4,بنغازي,1,25.00,"سلوق، بنغازي",74,شبنة,s48,"شبنة، بنغازي"
4,بنغازي,1,25.00,"سلوق، بنغازي",96,صابري,s48,"الصابري، بنغازي"
4,بنغازي,1,25.00,"سلوق، بنغازي",107,"مفرق الدرابيك",s48,"ارض الحراسة، بنغازي"
24,"بني وليد",0,25.00,"بني وليد، بني وليد",,,,
34,تازربو,0,45.00,"تازربو، جالو اوجلة",,,,
50,تاورغاء,0,30.00,"تاورغاء، سرت",,,,
61,تراغن,0,45.00,"تراغن، سبها",,,,
25,ترهونة,0,20.00,"ترهونة، ترهونة",,,,
97,تساوة,0,,,,,,
53,توكرة,0,30.00,"توكرة، المرج",,,,
71,تيجي,0,35.00,"تيجي، غريان",,,,
62,جادو,0,35.00,"جادو، غريان",,,,
35,جالو,0,45.00,"جالو اوجلة",,,,
15,درنة,0,40.00,"درنة، درنة",,,,
46,"راس لانوف",0,30.00,"رأس لانوف، رأس لانوف",,,,
28,رقدالين,0,35.00,"رقدالين، زوارة",,,,
58,زلة,0,40.00,"زلة، الجفرة",,,,
8,زلطن,0,35.00,"زلطن، زوارة",,,,
7,زليتن,0,20.00,"زليتن، الخمس",,,,
20,زوارة,0,30.00,"زوارة، زوارة",,,,
17,سبها,0,30.00,"سبها، سبها",,,,
45,سرت,0,30.00,"سرت، سرت",,,,
83,سلوق,0,30.00,"سلوق، بنغازي",,,,
54,سوسة,0,30.00,"سوسة، البيضاء",,,,
88,"سوق السبت",0,30.00,"سوق السبت، طرابلس",,,,
40,سوكنة,0,30.00,"سوكنة، الجفرة",,,,
92,"سيدي السايح",0,35.00,"سيد السائح، طرابلس",,,,
96,سيناون,0,45.00,,,,,
14,شحات,0,30.00,"شحات، البيضاء",,,,
11,صبراتة,1,25.00,"صرمان، صبراتة",224,"وسط صبراتة",,
12,صرمان,1,25.00,"صرمان، صبراتة",234,"وسط صرمان",,"صرمان، صبراتة"
98,"ضواحي الزاوية",1,,"المطرد، الزاوية",206,ابوصرة,,الزاوية
98,"ضواحي الزاوية",1,,"المطرد، الزاوية",207,البرناوي,,الزاوية
98,"ضواحي الزاوية",1,,"المطرد، الزاوية",208,البرناوي,,الزاوية
98,"ضواحي الزاوية",1,,"المطرد، الزاوية",209,التاجوري,,الزاوية
98,"ضواحي الزاوية",1,,"المطرد، الزاوية",210,الحرارات,,الزاوية
98,"ضواحي الزاوية",1,,"المطرد، الزاوية",211,"السلعة التموينية",,الزاوية
98,"ضواحي الزاوية",1,,"المطرد، الزاوية",212,"السيدة زينب",,الزاوية
98,"ضواحي الزاوية",1,,"المطرد، الزاوية",213,الطويبية,,الزاوية
98,"ضواحي الزاوية",1,,"المطرد، الزاوية",214,العريوي,,الزاوية
98,"ضواحي الزاوية",1,,"المطرد، الزاوية",215,الفروسية,,الزاوية
98,"ضواحي الزاوية",1,,"المطرد، الزاوية",218,"بن ترفاس",,الزاوية
98,"ضواحي الزاوية",1,,"المطرد، الزاوية",217,"بن سعيد",,الزاوية
98,"ضواحي الزاوية",1,,"المطرد، الزاوية",219,"بير معمر",,الزاوية
98,"ضواحي الزاوية",1,,"المطرد، الزاوية",220,"حرف التي",,الزاوية
98,"ضواحي الزاوية",1,,"المطرد، الزاوية",221,شلغودة,,الزاوية
98,"ضواحي الزاوية",1,,"المطرد، الزاوية",222,"قرية ناصر",,الزاوية
98,"ضواحي الزاوية",1,,"المطرد، الزاوية",223,"قرية ناصر",,
5,"ضواحي بنغازي",1,25.00,"حي السلام، بنغازي",235,"السيدة عائشة",,"السيدة عائشة، بنغازي"
5,"ضواحي بنغازي",1,25.00,"حي السلام، بنغازي",124,القوارشة,s48,"القوارشة، بنغازي"
5,"ضواحي بنغازي",1,25.00,"حي السلام، بنغازي",127,الكويفية,s48,"الكويفية، بنغازي"
5,"ضواحي بنغازي",1,25.00,"حي السلام، بنغازي",122,الهواري,s48,"الهواري، بنغازي"
5,"ضواحي بنغازي",1,25.00,"حي السلام، بنغازي",128,بنينا,s48,"بنينا، بنغازي"
5,"ضواحي بنغازي",1,25.00,"حي السلام، بنغازي",125,"بو عطني",s48,"ابوعطني، بنغازي"
5,"ضواحي بنغازي",1,25.00,"حي السلام، بنغازي",123,"بو هادي",s48,"الليثي، بنغازي"
5,"ضواحي بنغازي",1,25.00,"حي السلام، بنغازي",121,"سيدي خليفة",s48,"سيدى خليفة، بنغازي"
5,"ضواحي بنغازي",1,25.00,"حي السلام، بنغازي",126,قاريونس,s48,"قاريونس، بنغازي"
5,"ضواحي بنغازي",1,25.00,"حي السلام، بنغازي",120,قنفوذه,s48,"قنفودة، بنغازي"
99,"ضواحي صبراتة",0,,"صبراتة، صبراتة",226,الخطاطبة,,صبراتة
99,"ضواحي صبراتة",0,,"صبراتة، صبراتة",227,الطليبات,,صبراتة
99,"ضواحي صبراتة",0,,"صبراتة، صبراتة",228,تليل,,صبراتة
99,"ضواحي صبراتة",0,,"صبراتة، صبراتة",229,"جزيرة العلالقة",,صبراتة
99,"ضواحي صبراتة",0,,"صبراتة، صبراتة",230,"راس النهضة",,صبراتة
99,"ضواحي صبراتة",0,,"صبراتة، صبراتة",225,"ضواحي الصبراة",,صبراتة
99,"ضواحي صبراتة",0,,"صبراتة، صبراتة",231,"طريق ززواغة",,صبراتة
3,"ضواحي طرابلس",1,20.00,"عين زارة، طرابلس",56,"الباعيش / عين زارة",s21,"عين زارة، طرابلس"
3,"ضواحي طرابلس",1,20.00,"عين زارة، طرابلس",57,"الدعوة الاسلامية",s20,"الدعوة الإسلامية، طرابلس"
3,"ضواحي طرابلس",1,20.00,"عين زارة، طرابلس",64,السواني,s20,"السواني، طرابلس"
3,"ضواحي طرابلس",1,20.00,"عين زارة، طرابلس",62,الكريمية,s20,"الكريمية، طرابلس"
3,"ضواحي طرابلس",1,20.00,"عين زارة، طرابلس",60,النجيلة,s24,"النجيلة، طرابلس"
3,"ضواحي طرابلس",1,20.00,"عين زارة، طرابلس",55,"بئر اسطي ميلاد",s77,"البيفي، طرابلس"
3,"ضواحي طرابلس",1,20.00,"عين زارة، طرابلس",65,تاجوراء,s77,"تاجوراء، طرابلس"
3,"ضواحي طرابلس",1,20.00,"عين زارة، طرابلس",59,جنزور,s24,"جنزور، طرابلس"
3,"ضواحي طرابلس",1,20.00,"عين زارة، طرابلس",61,"خلة الفرجان",s19,"الخلة، طرابلس"
3,"ضواحي طرابلس",1,20.00,"عين زارة، طرابلس",237,"صلاج الدين",,
3,"ضواحي طرابلس",1,20.00,"عين زارة، طرابلس",232,"صلاح الدين",,"صلاح الدين، طرابلس"
3,"ضواحي طرابلس",1,20.00,"عين زارة، طرابلس",54,"طريق المشتل",s21,"طريق المشتل، طرابلس"
3,"ضواحي طرابلس",1,20.00,"عين زارة، طرابلس",58,"طريق المطار",s20,"طريق المطار، طرابلس"
3,"ضواحي طرابلس",1,20.00,"عين زارة، طرابلس",53,"عين زارة",s21,"عين زارة، طرابلس"
3,"ضواحي طرابلس",1,20.00,"عين زارة، طرابلس",66,"عين زارة / السدرة",,"عين زارة، طرابلس"
3,"ضواحي طرابلس",1,20.00,"عين زارة، طرابلس",63,"مشروع الهضبة",s20,"مشروع الهضبة، طرابلس"
16,طبرق,0,35.00,"طبرق، طبرق",,,,
2,طرابلس,1,15.00,"زناتة، طرابلس",4,"11 يوليو",s18,"سوق الجمعة، طرابلس"
2,طرابلس,1,15.00,"زناتة، طرابلس",34,ابوسليم,s19,"ابوسليم، طرابلس"
2,طرابلس,1,15.00,"زناتة، طرابلس",10,الترسانة,s18,"سوق الجمعة، طرابلس"
2,طرابلس,1,15.00,"زناتة، طرابلس",23,الجرابة,s25,"جرابة، طرابلس"
2,طرابلس,1,15.00,"زناتة، طرابلس",13,الحشان,s18,"الحشان، طرابلس"
2,طرابلس,1,15.00,"زناتة، طرابلس",28,الدريبي,s23,"الدريبي، طرابلس"
2,طرابلس,1,15.00,"زناتة، طرابلس",38,الرياضية,s23,"الرياضية، طرابلس"
2,طرابلس,1,15.00,"زناتة، طرابلس",7,السبعة,s21,"السبعة، طرابلس"
2,طرابلس,1,15.00,"زناتة، طرابلس",27,السراج,s24,"السراج، طرابلس"
2,طرابلس,1,15.00,"زناتة، طرابلس",44,السياحية,s23,"السياحية، طرابلس"
2,طرابلس,1,15.00,"زناتة، طرابلس",14,الظهرة,s18,"الظهرة، طرابلس"
2,طرابلس,1,15.00,"زناتة، طرابلس",8,الفرناج,s21,"الفرناج، طرابلس"
2,طرابلس,1,15.00,"زناتة، طرابلس",30,الفلاح,s23,"طريق الفلاح، طرابلس"
2,طرابلس,1,15.00,"زناتة، طرابلس",22,"المدينة القديمة",s25,"المدينة، طرابلس"
2,طرابلس,1,15.00,"زناتة، طرابلس",24,المنصورة,s25,"المنصورة، طرابلس"
2,طرابلس,1,15.00,"زناتة، طرابلس",43,النوفليين,s18,"النوفليين، طرابلس"
2,طرابلس,1,15.00,"زناتة، طرابلس",35,"الهضبة البدري",s19,"الهضبة البدري، طرابلس"
2,طرابلس,1,15.00,"زناتة، طرابلس",49,"الهضبه الشرقيه",s19,"الهضبة الشرقية، طرابلس"
2,طرابلس,1,15.00,"زناتة، طرابلس",48,"الهضبه القاسي",s19,"الكيزة، طرابلس"
2,طرابلس,1,15.00,"زناتة، طرابلس",47,"الهضبه الكيزه",s19,"الكيزة، طرابلس"
2,طرابلس,1,15.00,"زناتة، طرابلس",20,"باب بن غشير",s25,"باب بن غشير، طرابلس"
2,طرابلس,1,15.00,"زناتة، طرابلس",16,"بن عاشور",s25,"بن عاشور، طرابلس"
2,طرابلس,1,15.00,"زناتة، طرابلس",50,"جامع الصقع",s18,"جامع الصقع، طرابلس"
2,طرابلس,1,15.00,"زناتة، طرابلس",42,"حي الاسلامي",s23,"الحي الإسلامي، طرابلس"
2,طرابلس,1,15.00,"زناتة، طرابلس",37,"حي الاكواخ",s19,"حي الاكواخ، طرابلس"
2,طرابلس,1,15.00,"زناتة، طرابلس",236,"حي الانتصار",,"غرغور، طرابلس"
2,طرابلس,1,15.00,"زناتة، طرابلس",11,"حي الاندلس",s23,"حي الأندلس، طرابلس"
2,طرابلس,1,15.00,"زناتة، طرابلس",36,"حي دمشق",s19,"حي دمشق، طرابلس"
2,طرابلس,1,15.00,"زناتة، طرابلس",18,"راس حسن",s25,"رأس حسن، طرابلس"
2,طرابلس,1,15.00,"زناتة، طرابلس",15,"زاوية الدهماني",s18,"النوفليين، طرابلس"
2,طرابلس,1,15.00,"زناتة، طرابلس",3,زناتة,s18,"زناتة، طرابلس"
2,طرابلس,1,15.00,"زناتة، طرابلس",2,"سوق الجمعة",s18,"سوق الجمعة، طرابلس"
2,طرابلس,1,15.00,"زناتة، طرابلس",40,"شارع الجمهورية",s25,"شارع الجمهورية، طرابلس"
2,طرابلس,1,15.00,"زناتة، طرابلس",39,"شارع الزاوية",s25,"شارع الزاوية، طرابلس"
2,طرابلس,1,15.00,"زناتة، طرابلس",17,"شارع الظل",s25,"شارع الظل، طرابلس"
2,طرابلس,1,15.00,"زناتة، طرابلس",19,"شارع المدار",s25,"بن عاشور، طرابلس"
2,طرابلس,1,15.00,"زناتة، طرابلس",45,"طريق السور",s25,"السياحية، طرابلس"
2,طرابلس,1,15.00,"زناتة، طرابلس",6,"طريق الشوك",s18,"الكراريم، مصراتة"
2,طرابلس,1,15.00,"زناتة، طرابلس",12,عرادة,s18,"عرادة، طرابلس"
2,طرابلس,1,15.00,"زناتة، طرابلس",21,"عمر المختار",s25,"عمر المختار، طرابلس"
2,طرابلس,1,15.00,"زناتة، طرابلس",51,غرغور,,"غرغور، طرابلس"
2,طرابلس,1,15.00,"زناتة، طرابلس",29,"غوط الشعال",s23,"غوط الشعال، طرابلس"
2,طرابلس,1,15.00,"زناتة، طرابلس",46,فشلوم,s18,"فشلوم، طرابلس"
2,طرابلس,1,15.00,"زناتة، طرابلس",31,قدح,s23,"طريق الفلاح، طرابلس"
2,طرابلس,1,15.00,"زناتة، طرابلس",25,قرجي,s23,"قرجي، طرابلس"
2,طرابلس,1,15.00,"زناتة، طرابلس",26,قرقارش,s23,"قرقارش، طرابلس"
2,طرابلس,1,15.00,"زناتة، طرابلس",32,"قرية صالح",s23,"طريق الفلاح، طرابلس"
2,طرابلس,1,15.00,"زناتة، طرابلس",33,كشلاف,s23,"كشلاف، طرابلس"
2,طرابلس,1,15.00,"زناتة، طرابلس",41,ميزران,s25,"المنصورة، طرابلس"
2,طرابلس,1,15.00,"زناتة، طرابلس",9,"هضبة طول",s19,"الهضبة طول، طرابلس"
21,غات,0,50.00,"غات، سبها",,,,
43,غدامس,0,45.00,"غدامس، غريان",,,,
18,غريان,0,25.00,"غريان، غريان",,,,
86,"قصر الخيار",0,20.00,"قصر خيار، قصر خيار",,,,
82,"قصر بن غشير",0,20.00,"قصر بن غشير، طرابلس",,,,
52,قمينس,0,30.00,"قمينس، بنغازي",,,,
33,ككلة,0,35.00,"ككلة، غريان",,,,
23,مرزق,0,45.00,"مرزق، سبها",,,,
31,مزدة,0,30.00,"مزدة، سبها",,,,
26,مسلاتة,0,25.00,"مسلاتة، الخمس",,,,
6,مصراتة,1,20.00,"مصراتة، مصراتة",148,"أولاد بعيوا",s5,"مصراتة، مصراتة"
6,مصراتة,1,20.00,"مصراتة، مصراتة",134,إقزير,s5,"مصراتة، مصراتة"
6,مصراتة,1,20.00,"مصراتة، مصراتة",141,الثقيل,s5,"مصراتة، مصراتة"
6,مصراتة,1,20.00,"مصراتة، مصراتة",152,"الجامع العالي",s5,"مصراتة، مصراتة"
6,مصراتة,1,20.00,"مصراتة، مصراتة",133,الجزيرة,s5,"مصراتة، مصراتة"
6,مصراتة,1,20.00,"مصراتة، مصراتة",166,الجهانات,s5,"مصراتة، مصراتة"
6,مصراتة,1,20.00,"مصراتة، مصراتة",171,الحيارشة,s5,"مصراتة، مصراتة"
6,مصراتة,1,20.00,"مصراتة، مصراتة",161,الخروبة,s5,"مصراتة، مصراتة"
6,مصراتة,1,20.00,"مصراتة، مصراتة",184,الدافنية,s5,"مصراتة، مصراتة"
6,مصراتة,1,20.00,"مصراتة، مصراتة",174,الرعيضات,s5,"مصراتة، مصراتة"
6,مصراتة,1,20.00,"مصراتة، مصراتة",179,الرملة,s5,"مصراتة، مصراتة"
6,مصراتة,1,20.00,"مصراتة، مصراتة",165,الرويسات,s5,"مصراتة، مصراتة"
6,مصراتة,1,20.00,"مصراتة، مصراتة",178,الزروق,s5,"مصراتة، مصراتة"
6,مصراتة,1,20.00,"مصراتة، مصراتة",167,الزوابي,s5,"مصراتة، مصراتة"
6,مصراتة,1,20.00,"مصراتة، مصراتة",143,السكت,s5,"قصر أحمد، مصراتة"
6,مصراتة,1,20.00,"مصراتة، مصراتة",175,السكيرات,s5,"مصراتة، مصراتة"
6,مصراتة,1,20.00,"مصراتة، مصراتة",145,السواطي,s5,"مصراتة، مصراتة"
6,مصراتة,1,20.00,"مصراتة، مصراتة",172,السواوة,s5,"مصراتة، مصراتة"
6,مصراتة,1,20.00,"مصراتة، مصراتة",168,الشراكسة,s5,"مصراتة، مصراتة"
6,مصراتة,1,20.00,"مصراتة، مصراتة",132,الشواهدة,s5,"مصراتة، مصراتة"
6,مصراتة,1,20.00,"مصراتة، مصراتة",239,الصوالح,,"مصراتة، مصراتة"
6,مصراتة,1,20.00,"مصراتة، مصراتة",136,الغيران,s5,"مصراتة، مصراتة"
6,مصراتة,1,20.00,"مصراتة، مصراتة",170,القدارية,s5,"مصراتة، مصراتة"
6,مصراتة,1,20.00,"مصراتة، مصراتة",139,الكراريم,s5,"مصراتة، مصراتة"
6,مصراتة,1,20.00,"مصراتة، مصراتة",169,الكروادة,s5,"مصراتة، مصراتة"
6,مصراتة,1,20.00,"مصراتة، مصراتة",144,المغدر,s5,"مصراتة، مصراتة"
6,مصراتة,1,20.00,"مصراتة، مصراتة",188,المقاصبة,s5,"مصراتة، مصراتة"
6,مصراتة,1,20.00,"مصراتة، مصراتة",155,المقاوبة,s5,"مصراتة، مصراتة"
6,مصراتة,1,20.00,"مصراتة، مصراتة",177,الملايطة,s5,"مصراتة، مصراتة"
6,مصراتة,1,20.00,"مصراتة، مصراتة",182,المنقوش,s5,"مصراتة، مصراتة"
6,مصراتة,1,20.00,"مصراتة، مصراتة",147,النباك,s5,"مصراتة، مصراتة"
6,مصراتة,1,20.00,"مصراتة، مصراتة",176,الهبارة,s5,"مصراتة، مصراتة"
6,مصراتة,1,20.00,"مصراتة، مصراتة",173,بوروية,s5,"مصراتة، مصراتة"
6,مصراتة,1,20.00,"مصراتة، مصراتة",130,"جزيرة النهر",s5,"مصراتة، مصراتة"
6,مصراتة,1,20.00,"مصراتة، مصراتة",163,"دائري اقزير",s5,"مصراتة، مصراتة"
6,مصراتة,1,20.00,"مصراتة، مصراتة",159,"راس التوتة",s5,"مصراتة، مصراتة"
6,مصراتة,1,20.00,"مصراتة، مصراتة",157,"راس السايح",s5,"مصراتة، مصراتة"
6,مصراتة,1,20.00,"مصراتة، مصراتة",158,"راس فريدغ",s5,"مصراتة، مصراتة"
6,مصراتة,1,20.00,"مصراتة، مصراتة",129,"زاوية المحجوب",s5,"مصراتة، مصراتة"
6,مصراتة,1,20.00,"مصراتة، مصراتة",142,زريق,s5,"مصراتة، مصراتة"
6,مصراتة,1,20.00,"مصراتة، مصراتة",185,زمورة,s5,"مصراتة، مصراتة"
6,مصراتة,1,20.00,"مصراتة، مصراتة",146,"سور سعود",s5,"مصراتة، مصراتة"
6,مصراتة,1,20.00,"مصراتة، مصراتة",154,"شارع الاذاعة",s5,"مصراتة، مصراتة"
6,مصراتة,1,20.00,"مصراتة، مصراتة",160,"شارع الدم",s5,"مصراتة، مصراتة"
6,مصراتة,1,20.00,"مصراتة، مصراتة",150,"شارع المحطة",s5,"مصراتة، مصراتة"
6,مصراتة,1,20.00,"مصراتة، مصراتة",131,"شارع المطبات",s5,"مصراتة، مصراتة"
6,مصراتة,1,20.00,"مصراتة، مصراتة",151,"شارع الهلال",s5,"مصراتة، مصراتة"
6,مصراتة,1,20.00,"مصراتة، مصراتة",186,"شارع بازينة",s5,"مصراتة، مصراتة"
6,مصراتة,1,20.00,"مصراتة، مصراتة",187,"شارع سعدون",s5,"مصراتة، مصراتة"
6,مصراتة,1,20.00,"مصراتة، مصراتة",153,"شارع سنا محيدلي",s5,"مصراتة، مصراتة"
6,مصراتة,1,20.00,"مصراتة، مصراتة",149,"شارع طرابلس",s5,"مصراتة، مصراتة"
6,مصراتة,1,20.00,"مصراتة، مصراتة",156,"شارع مالطا",s5,"مصراتة، مصراتة"
6,مصراتة,1,20.00,"مصراتة، مصراتة",164,"طريق البحر",s5,"مصراتة، مصراتة"
6,مصراتة,1,20.00,"مصراتة، مصراتة",137,"طريق المطار",s5,"مصراتة، مصراتة"
6,مصراتة,1,20.00,"مصراتة، مصراتة",162,"طريق رقم 8",s5,"مصراتة، مصراتة"
6,مصراتة,1,20.00,"مصراتة، مصراتة",138,طمينة,s5,"مصراتة، مصراتة"
6,مصراتة,1,20.00,"مصراتة، مصراتة",183,عباد,s5,"مصراتة، مصراتة"
6,مصراتة,1,20.00,"مصراتة، مصراتة",180,قرارة,s5,"مصراتة، مصراتة"
6,مصراتة,1,20.00,"مصراتة، مصراتة",140,"قصر حمد",s5,"مصراتة، مصراتة"
6,مصراتة,1,20.00,"مصراتة، مصراتة",135,كرزاز,s5,"مصراتة، مصراتة"
6,مصراتة,1,20.00,"مصراتة، مصراتة",181,يدر,s5,"مصراتة، مصراتة"
68,نالوت,0,40.00,"نالوت، غريان",,,,
100,هراوة,0,,,,,,
38,هون,0,30.00,"هون، الجفرة",,,,
78,"وادي الربيع",0,25.00,"وادي الربيع، طرابلس",,,,
89,"وادي عتبة",0,45.00,"وادى عتبة، سبها",,,,
73,وازن,0,40.00,,,,,
39,ودان,0,30.00,"ودان، الجفرة",,,,
55,ورشفانة,0,25.00,"ورشفانة، طرابلس",,,,
19,يفرن,0,35.00,"يفرن، غريان",,,,
